{
    "pattrstorage": {
        "name": "06-synth-part-three-storage",
        "slots": {
            "1": {
                "id": 1,
                "data": {
                    "attack": [ 31 ],
                    "counter-default": [ 0 ],
                    "cycle-gain1": [ 104 ],
                    "decay": [ 445 ],
                    "freq-cutoff": [ 326 ],
                    "live.gain~": [ -1.026618761488706 ],
                    "num-notes": [ 18 ],
                    "num-notes[1]": [ 14 ],
                    "rect-gain1": [ 124 ],
                    "release": [ 521 ],
                    "resonance": [ 0.93 ],
                    "saw-gain2": [ 55 ],
                    "saw2-detune-cents": [ 0 ],
                    "saw=gain1": [ 63 ],
                    "song-sequence-te": [ "60 6 65 2 65 4 67 4 65 2 63 2 58 4 41 8 60 4 60 3 58 1 60 6 62 2 63 2 67 2 65 2 62 2 60 4" ],
                    "sustain-gain": [ 0.92 ],
                    "tempo(ms)": [ 151 ],
                    "toggle": [ 1 ],
                    "tri-gain1": [ 56 ],
                    "pwm-rect1": [ 33 ],
                    "cycle-dial": [],
                    "cycle-dial[2]": [],
                    "rect-dial": [],
                    "saw1-dial": [],
                    "saw2-dial": []
                }
            },
            "2": {
                "id": 2,
                "data": {
                    "attack": [ 9 ],
                    "counter-default": [ 0 ],
                    "cycle-gain1": [ 126 ],
                    "decay": [ 413 ],
                    "freq-cutoff": [ 1231 ],
                    "live.gain~": [ -1.026618761488706 ],
                    "num-notes": [ 59 ],
                    "num-notes[1]": [ 14 ],
                    "rect-gain1": [ 23 ],
                    "release": [ 616 ],
                    "resonance": [ 0.555 ],
                    "saw-gain2": [ 48 ],
                    "saw2-detune-cents": [ 0 ],
                    "saw=gain1": [ 63 ],
                    "song-sequence-te": [ "62 2 64 3 62 1 64 2 67 2 62 2 60 2 64 2 60 2 64 3 62 1 64 2 67 2 62 4 62 2 60 2 64 3 62 1 64 2 67 2 62 2 60 2 64 2 60 2 64 3 62 1 64 2 67 2 60 4 60 4 69 3 67 1 69 2 72 2 64 2 62 2 64 2 60 2 69 3 67 1 67 2 64 2 64 4 62 2 60 2 69 3 67 1 69 2 72 2 64 2 62 2 64 2 69 2 69 3 67 1 67 2 64 2 62 4 60 2 " ],
                    "sustain-gain": [ 0.55 ],
                    "tempo(ms)": [ 297 ],
                    "toggle": [ 1 ],
                    "tri-gain1": [ 69 ],
                    "pwm-rect1": [ 33 ],
                    "cycle-dial": [],
                    "cycle-dial[2]": [],
                    "rect-dial": [],
                    "saw1-dial": [],
                    "saw2-dial": []
                }
            },
            "3": {
                "id": 3,
                "data": {
                    "attack": [ 31 ],
                    "counter-default": [ 0 ],
                    "cycle-gain1": [ 31 ],
                    "decay": [ 445 ],
                    "freq-cutoff": [ 556 ],
                    "live.gain~": [ -16.932218524230848 ],
                    "num-notes": [ 32 ],
                    "num-notes[1]": [ 14 ],
                    "rect-gain1": [ 23 ],
                    "release": [ 57 ],
                    "resonance": [ 0.78 ],
                    "saw-gain2": [ 116 ],
                    "saw2-detune-cents": [ 4 ],
                    "saw=gain1": [ 127 ],
                    "song-sequence-te": [ "69 1 74 1 69 1 74 1 76 1 73 1 69 1 73 1 74 1 71 1 69 1 69 1 67 1 67 1 66 1 64 1 62 1 74 1 69 1 74 1 76 1 73 1 69 1 73 1 74 1 71 1 69 1 69 1 67 1 67 1 66 1 64 1\n" ],
                    "sustain-gain": [ 0.56 ],
                    "tempo(ms)": [ 309 ],
                    "toggle": [ 1 ],
                    "tri-gain1": [ 72 ],
                    "pwm-rect1": [ 33 ],
                    "cycle-dial": [],
                    "cycle-dial[2]": [],
                    "rect-dial": [],
                    "saw1-dial": [],
                    "saw2-dial": []
                }
            },
            "4": {
                "id": 4,
                "data": {
                    "attack": [ 31 ],
                    "counter-default": [ 0 ],
                    "cycle-gain1": [ 126 ],
                    "decay": [ 445 ],
                    "freq-cutoff": [ 556 ],
                    "live.gain~": [ -1.026618761488706 ],
                    "num-notes": [ 24 ],
                    "num-notes[1]": [ 14 ],
                    "rect-gain1": [ 23 ],
                    "release": [ 305 ],
                    "resonance": [ 0.78 ],
                    "saw-gain2": [ 48 ],
                    "saw2-detune-cents": [ 0 ],
                    "saw=gain1": [ 63 ],
                    "song-sequence-te": [ "71 2 74 1 74 2 71 1 69 3 66 3 71 2 74 1 74 2 71 1 69 6 71 2 74 1 74 2 71 1 69 2 66 1 62 2 64 1 66 2 64 1 64 2 62 1 64 6" ],
                    "sustain-gain": [ 0.92 ],
                    "tempo(ms)": [ 272 ],
                    "toggle": [],
                    "tri-gain1": [ 69 ],
                    "pwm-rect1": [],
                    "cycle-dial": [],
                    "cycle-dial[2]": [],
                    "rect-dial": [],
                    "saw1-dial": [],
                    "saw2-dial": []
                }
            }
        }
    }
}